videoId,start (M:S),end (M:S),duration_sec,tempo_bpm,mfcc_mean,tonnetz_mean,silence_ratio
NZyk1NGs248,0:23,0:26,3.0,117.19,"[-455.0567626953125, 153.23052978515625, 31.956663131713867, 19.33293342590332, 47.34951400756836, -18.112462997436523, 27.176048278808594, 1.2561936378479004, 15.634416580200195, -4.208667755126953, 10.20895004272461, -9.419506072998047, 6.67367696762085]","[0.0780764668129269, 0.07042426124810368, 0.09912292577895343, 0.014995454347379339, 0.049808322631097586, 0.044102798271874674]",0.3641
NZyk1NGs248,1:41,1:43,2.0,137.2,"[-450.3536682128906, 150.36561584472656, 7.379055500030518, 22.48377227783203, 42.83586120605469, -29.652507781982422, 28.635391235351562, 9.927956581115723, 12.545599937438965, 6.029965877532959, 10.565109252929688, -1.1187107563018799, 0.04527461156249046]","[-0.004108140024012582, 0.006232375888781506, -0.018062854368992975, -0.015121851027250138, -0.002890473804695238, -0.0053156466493283205]",0.3138
NZyk1NGs248,2:24,2:36,12.0,130.81,"[-421.169189453125, 134.48471069335938, 7.128010272979736, 16.26266860961914, 38.762718200683594, -18.587047576904297, 21.477052688598633, 9.717070579528809, 8.858278274536133, 3.1355018615722656, 9.760499000549316, -5.258791446685791, -0.35158541798591614]","[-0.0017664021748938843, -0.01337090200632579, 0.04061366119581303, 0.0194018359679972, -0.01329373638387416, -0.009650383154081314]",0.2781
NZyk1NGs248,2:49,3:20,31.0,110.29,"[-491.3037109375, 116.40243530273438, 12.340949058532715, 22.816059112548828, 41.748077392578125, -8.267190933227539, 20.080533981323242, 11.428278923034668, 12.680184364318848, 6.178694248199463, 7.468543529510498, -1.3156765699386597, 3.5554282665252686]","[-0.0051028660190355814, 0.007554878954817143, -0.011746404369940271, -0.022845799087678326, 0.008485145534998984, -0.004893638084742063]",0.4695
NZyk1NGs248,3:38,3:43,5.0,133.93,"[-480.5366516113281, 147.53321838378906, 10.40965461730957, 30.75746726989746, 50.9981689453125, -15.825539588928223, 26.653244018554688, -0.0031454579439014196, 3.835754871368408, 4.882902145385742, 4.412666320800781, -5.293696403503418, 2.736398935317993]","[-0.012536258420846295, -0.006183739004752931, 0.004731310480859728, -0.007179472435599746, -0.0007101985179751209, 0.001773673960113019]",0.4574
NZyk1NGs248,5:13,5:19,6.0,130.81,"[-474.2570495605469, 140.4416046142578, 19.685508728027344, 30.24188232421875, 48.52827453613281, -14.99309253692627, 29.685529708862305, 7.738034725189209, 13.362500190734863, 5.596676349639893, 7.3667449951171875, -5.799479007720947, 4.837133884429932]","[0.07783180259644198, 0.07011062871005118, -0.08857216491061232, 0.06321985024932379, -0.010224652857000322, 0.05819635891556561]",0.4245
NZyk1NGs248,10:23,10:27,4.0,119.68,"[-419.6436767578125, 135.16754150390625, 3.8340861797332764, 11.558679580688477, 41.24651336669922, -24.900094985961914, 20.981712341308594, 5.443552494049072, 8.197832107543945, -5.014587879180908, 9.298667907714844, -3.9518821239471436, -1.6032322645187378]","[-0.010243673187156702, -0.01119909280505488, -0.007706637191679588, -0.027315249939395905, -0.0058876042309615115, 0.006452190571622126]",0.3076
NZyk1NGs248,11:24,11:40,16.0,130.81,"[-466.3558044433594, 118.9579086303711, 16.104251861572266, 28.944677352905273, 53.74169158935547, -10.114876747131348, 28.858844757080078, 10.756550788879395, 18.253313064575195, 8.582783699035645, 14.41733455657959, -0.8665187954902649, 7.202213764190674]","[-0.13080543810658157, -0.013906072593303046, -0.07073325573589931, 0.03236638325906144, -0.005197085911014479, -0.04098688509082189]",0.4195
NZyk1NGs248,12:18,12:28,10.0,122.28,"[-453.911376953125, 130.35716247558594, 23.248605728149414, 30.390539169311523, 47.63092041015625, -10.870362281799316, 26.042556762695312, 5.937856197357178, 9.62871265411377, 2.609907865524292, 8.8414888381958, -6.750147819519043, 3.7444379329681396]","[0.06330943999100348, 0.03644197652369566, -0.0039061188902846434, -0.08390109191761853, -0.016111354046961766, -0.020510115252590787]",0.4104
NZyk1NGs248,12:47,12:53,6.0,127.84,"[-453.57452392578125, 149.30389404296875, 9.83382511138916, 25.4686336517334, 62.092681884765625, -21.891494750976562, 35.44379806518555, 4.332773208618164, 17.137889862060547, 2.644850730895996, 8.648557662963867, -10.863080024719238, 1.933230996131897]","[-0.023352930342966025, 0.09701828018149733, -0.040976775767940045, 0.057112304724961205, -0.04527343814160957, -0.009619715669565413]",0.2433
NZyk1NGs248,12:57,13:04,7.0,122.28,"[-510.9342041015625, 143.372314453125, 32.496368408203125, 30.354694366455078, 56.11725997924805, -13.25949764251709, 26.69123649597168, 3.350170135498047, 12.118194580078125, -3.451674699783325, 8.73962116241455, -11.550230979919434, 3.7348380088806152]","[0.04042426141220186, 0.0942780293931519, 0.04980504547117415, 0.05246287837386211, 0.015530750420707694, 0.0201882666595045]",0.4356
NZyk1NGs248,13:07,13:32,25.0,119.68,"[-465.70233154296875, 109.31316375732422, 15.678443908691406, 24.17061424255371, 39.03749465942383, -6.381804466247559, 15.551164627075195, 10.150649070739746, 10.49584674835205, 4.733829975128174, 6.170214653015137, -2.2797555923461914, 2.7186620235443115]","[-0.004975989304375967, 0.0028493970974312515, 0.0028510237723125883, -0.008190033809161277, -0.006299220216789995, -0.0022429581721624733]",0.4725
NZyk1NGs248,14:21,14:23,2.0,130.81,"[-380.7347412109375, 161.8832550048828, -1.888664722442627, 4.080378532409668, 53.22673034667969, -30.499584197998047, 32.41819763183594, 6.629001140594482, 11.878921508789062, -13.043665885925293, 7.3694939613342285, -11.836716651916504, 0.5151215195655823]","[0.00533719467913946, -0.06358107386919246, 0.04417230591098668, -0.014051387407272381, 0.007149226357995051, 0.012666813392338275]",0.0957
NZyk1NGs248,14:35,14:40,5.0,122.28,"[-456.7685241699219, 149.3394317626953, 8.725151062011719, 20.332332611083984, 49.964942932128906, -23.952987670898438, 30.911176681518555, -0.5449846386909485, 10.608770370483398, 2.928816556930542, 8.054744720458984, -6.14612340927124, 2.9625091552734375]","[0.025861007495322635, -0.031257239972327835, 0.010748193376878266, -0.011335239091368157, 0.008470029879662005, -0.0018640470587765535]",0.3497
NZyk1NGs248,14:46,14:58,12.0,112.5,"[-446.0966796875, 136.8591766357422, 26.208906173706055, 21.247468948364258, 35.049835205078125, -7.742518901824951, 17.002758026123047, 10.074678421020508, 7.099638938903809, 1.1727848052978516, 8.896443367004395, -2.1906018257141113, 2.3732309341430664]","[-0.016726348375759908, -0.021117202179139278, 0.03264638743669897, -0.019796433618606026, -0.0010915350493656802, 0.0004127021129162492]",0.3323
NZyk1NGs248,15:04,15:09,5.0,125.0,"[-492.45941162109375, 149.35084533691406, -2.9214842319488525, 19.468921661376953, 47.83157730102539, -21.129281997680664, 32.34717559814453, 5.317573547363281, 10.705317497253418, 9.147112846374512, 6.9325056076049805, -3.495954990386963, 4.772375583648682]","[0.020289111668954765, 0.00965909528796203, -0.0013204339071557515, 0.012568717974342948, 0.0035663535406008804, -0.006834688739650495]",0.4787
NZyk1NGs248,15:30,15:37,7.0,119.68,"[-467.1609802246094, 138.57505798339844, 6.90939474105835, 27.217905044555664, 41.6676139831543, -20.351163864135742, 26.406314849853516, 4.291604995727539, 8.821053504943848, 9.391619682312012, 7.535334587097168, 1.21858549118042, 3.7840070724487305]","[0.01260355796973804, -0.01878169873042356, -0.010556548687020216, 0.015233511517287931, 0.0030365979011618403, 0.0028879684922750106]",0.4318
NZyk1NGs248,15:39,15:54,15.0,110.29,"[-444.0901184082031, 133.75990295410156, 9.618937492370605, 25.412321090698242, 48.409061431884766, -15.515886306762695, 27.931411743164062, 6.83650541305542, 11.74016284942627, 3.462376117706299, 8.827620506286621, -4.294980049133301, 4.4477386474609375]","[0.029196533131428268, 0.02928702531447571, -0.027715450432515873, -0.02850031191989705, -0.013359412167581646, 0.003516718163113641]",0.385
NZyk1NGs248,19:06,19:25,19.0,110.29,"[-456.6871337890625, 149.59149169921875, 8.821765899658203, 20.388559341430664, 48.824134826660156, -15.0345458984375, 26.380578994750977, 10.472039222717285, 11.044235229492188, 3.8546552658081055, 9.507058143615723, -4.741307258605957, 4.693081378936768]","[-0.010652312024399296, -0.010448323723109406, -0.012068476495517524, 0.028306545828237127, -0.004483723145412211, -0.0012484643670541372]",0.2683
C0KLb_v50-k,0:48,0:51,3.0,130.81,"[-429.9341125488281, 151.7696990966797, 18.5573673248291, 3.35835862159729, 35.227256774902344, -12.126521110534668, 14.308345794677734, -6.802390098571777, 4.441688537597656, -1.882542371749878, 4.20402717590332, -9.368562698364258, 5.847536087036133]","[-0.0074717176755566455, 0.001086146712868225, 0.04077007251230866, -0.015241660110712296, -0.0028640546507646527, 0.013373073713802697]",0.4067
C0KLb_v50-k,0:51,0:54,3.0,144.23,"[-392.5467529296875, 149.8303985595703, 13.642572402954102, 1.7507593631744385, 33.73012161254883, -8.798379898071289, 17.075397491455078, -4.095459461212158, 4.6253485679626465, 0.5624549388885498, 4.0992631912231445, -11.173925399780273, 3.037578582763672]","[-0.00015137107324062713, -0.10677315811018842, -0.0004377323219335009, -0.19061998126128465, 0.0001524512798679487, 0.06993297632695981]",0.3144
C0KLb_v50-k,0:59,1:02,3.0,92.21,"[-434.645751953125, 160.57958984375, 25.68704605102539, 0.8276666402816772, 37.663352966308594, 1.1587181091308594, 19.461463928222656, -4.736263751983643, 7.082319259643555, 0.08493253588676453, 6.68458366394043, -9.133356094360352, 3.288370370864868]","[-0.03183049898792103, -0.004592644223627001, -0.06657893038776663, -0.00649273934977626, -0.025908753534273722, 0.014818938867954901]",0.27
C0KLb_v50-k,1:53,1:58,5.0,125.0,"[-392.6625061035156, 162.1981658935547, 3.1475281715393066, -3.3034541606903076, 36.70474624633789, -7.673670291900635, 18.629356384277344, -3.260110378265381, 5.856848239898682, -1.2267976999282837, 3.2622461318969727, -8.391486167907715, 4.2509894371032715]","[-0.015526050365532286, -0.013180331892790453, 0.056474864776275835, -0.06628638160859816, -0.008471487518797368, -0.0241337622436923]",0.4531
C0KLb_v50-k,2:09,2:31,22.0,125.0,"[-447.0464782714844, 120.41390991210938, 16.619775772094727, 5.340060710906982, 32.61578369140625, -0.2094268649816513, 12.482605934143066, -3.503706693649292, 6.45656681060791, 1.4297086000442505, 3.659177541732788, -5.122374057769775, 3.4595837593078613]","[-0.01955836913460701, -0.009224673910555738, -0.004182552824553594, -0.007709321914720727, -0.001561608152991757, -0.007309575320464242]",0.5766
ZNnk9L2LSZI,1:40,2:10,30.0,119.68,"[-478.7926025390625, 143.4458465576172, 12.269190788269043, -0.6594816446304321, 19.42612648010254, -20.11858558654785, 18.23023223876953, 17.046045303344727, 22.161619186401367, -0.5734205842018127, 0.05869574099779129, 0.7913908362388611, 7.224184989929199]","[-0.011118099954538479, -0.0030111181596866763, -0.015679722532485636, -0.01928924745557267, 0.0016331712811779432, 0.0027637237806596316]",0.5942
ZNnk9L2LSZI,0:12,0:25,13.0,112.5,"[-499.7503967285156, 133.4490509033203, 22.474628448486328, 0.02492307312786579, 23.869266510009766, -8.66265869140625, 18.325475692749023, 17.93600082397461, 24.308168411254883, 0.9981826543807983, 4.781502723693848, -2.3041586875915527, 8.554386138916016]","[0.01688214371180802, 0.07525360571109525, -0.04005693719768939, 0.013055786934709159, -0.026309993404888245, 0.008124247170511831]",0.6587
ZNnk9L2LSZI,2:11,2:26,15.0,127.84,"[-475.2475891113281, 130.06336975097656, 16.08702850341797, -2.3707175254821777, 18.188987731933594, -7.622034072875977, 17.30517578125, 10.792032241821289, 17.311847686767578, -1.3073827028274536, 1.7074893712997437, -0.8009846806526184, 4.914351463317871]","[0.02498524622800784, 0.08502394106644591, 0.014822190700292745, 0.045487815962651994, -0.00334769813354184, 0.02281061106429654]",0.722
-kfUE41-JFw,1:36,1:43,7.0,108.17,"[-227.7704620361328, 138.87887573242188, -10.224625587463379, 2.3963429927825928, 57.658470153808594, -38.61082077026367, 40.49968338012695, -5.16119909286499, 15.700858116149902, 2.9704744815826416, 16.387849807739258, 0.0846187099814415, 7.631346702575684]","[-0.013324132701439059, 0.016852874514440234, -0.0028018716184367116, 0.0451802880675597, -0.002600492048012179, 0.002600108955061882]",0.0
-kfUE41-JFw,1:44,1:55,11.0,148.03,"[-221.9637908935547, 142.8162841796875, 5.343277454376221, 5.68767786026001, 48.03547668457031, -36.25227355957031, 41.570072174072266, -6.193240165710449, 14.163216590881348, 3.0808327198028564, 14.166410446166992, 5.7849040031433105, 8.729782104492188]","[-0.017718768598394215, 0.011683327695963962, -0.008152776022391851, 0.04191060224660833, -0.002071587652753445, 0.009234768276146204]",0.0
-kfUE41-JFw,2:10,2:20,10.0,95.34,"[-302.65576171875, 140.50978088378906, 6.088751792907715, 10.976401329040527, 50.60469055175781, -10.019242286682129, 30.23894500732422, 4.902554512023926, 8.101798057556152, -0.32144400477409363, 13.368063926696777, -0.36585256457328796, 8.164885520935059]","[0.006083673073623487, 0.001515383321204501, -0.002336459960898124, 0.04395173191438415, -0.015108199257594013, 0.01093391904133067]",0.1551
-kfUE41-JFw,2:38,2:44,6.0,117.19,"[-274.4653015136719, 135.7112579345703, -2.1181106567382812, 6.4837565422058105, 45.62801742553711, -5.046685218811035, 29.933746337890625, 6.009930610656738, 8.362077713012695, 5.191211223602295, 16.35517120361328, 4.968138217926025, 7.011458396911621]","[-0.008008242880224316, -0.007300436158238094, -0.04915194703368625, 0.062331647392970944, -0.021284943218593783, 0.014064458298511814]",0.0879
-kfUE41-JFw,3:21,3:33,12.0,133.93,"[-255.7615203857422, 132.1427764892578, -3.9335086345672607, 7.33317232131958, 51.111366271972656, -12.497282028198242, 32.53511047363281, 9.773138999938965, 11.444479942321777, 2.0818867683410645, 16.80380630493164, 1.7558382749557495, 8.352676391601562]","[-0.007407826848096829, 0.016981187959789354, -0.0073544681320481635, 0.01830950355767918, 0.012186047366791356, 0.006887692907537206]",0.06
-kfUE41-JFw,3:34,3:43,9.0,122.28,"[-255.6705780029297, 154.27598571777344, 10.877074241638184, 9.21072769165039, 60.6341667175293, -13.932637214660645, 41.31864547729492, 4.714814186096191, 13.650955200195312, 0.5782213807106018, 21.450082778930664, -2.368382453918457, 9.054996490478516]","[-0.007993053066701032, 0.024882201990823007, 0.00372380534875501, 0.023885043935190316, -0.005431296565269092, 0.0068565078230185825]",0.0219
-kfUE41-JFw,3:52,3:56,4.0,119.68,"[-258.3551940917969, 122.68292999267578, -6.909362316131592, 9.971776008605957, 48.5634765625, -25.041664123535156, 39.91942596435547, 0.030562439933419228, 10.503573417663574, 10.436834335327148, 12.462289810180664, 5.613164901733398, 5.792817115783691]","[-0.002704068951727096, -0.007110758277802083, -0.01531428243399444, 0.007936043690855205, -0.0005481936515257651, -0.0017638674065390805]",0.1278
-kfUE41-JFw,3:57,4:10,13.0,108.17,"[-281.77191162109375, 114.37454223632812, -7.025299072265625, 12.521907806396484, 54.55794906616211, -20.931982040405273, 41.1340446472168, 1.4007478952407837, 13.018132209777832, 9.789545059204102, 12.417052268981934, 6.645391464233398, 6.720229625701904]","[-0.0022572869134666255, 0.01670808987623949, 0.0029561713641967856, 0.00636846473241119, 0.004398426540660177, 0.0036089402516800563]",0.1973
-kfUE41-JFw,0:11,0:23,12.0,127.84,"[-223.22256469726562, 149.37869262695312, -9.700580596923828, 6.800467014312744, 57.11146545410156, -25.651029586791992, 40.80242156982422, -3.943983554840088, 7.5845255851745605, 3.9565045833587646, 13.789375305175781, 0.2585821747779846, 10.238264083862305]","[-0.003525578812078646, -0.004976966487311828, -0.03335342159298666, 0.006493353707941553, 0.004548214428854814, 0.003109413367776392]",0.0036
-kfUE41-JFw,0:38,0:40,2.0,137.2,"[-264.6336975097656, 149.79908752441406, -6.8161516189575195, 3.4749703407287598, 55.847198486328125, -19.65735626220703, 41.39536666870117, 8.198526382446289, 12.15965747833252, 2.1204476356506348, 21.913410186767578, 4.483416557312012, 10.998244285583496]","[0.05135989861327281, 0.07298242469104524, 0.07766452700424743, 0.03810175625171394, 0.0404438994066747, -0.021294931765333532]",0.0452
-kfUE41-JFw,0:42,0:50,8.0,156.25,"[-219.32748413085938, 141.0751495361328, -12.86355972290039, -5.153237819671631, 58.09312057495117, -31.067419052124023, 40.01569366455078, -4.735226631164551, 15.865524291992188, -0.28873345255851746, 15.015164375305176, 1.5792092084884644, 9.648651123046875]","[-0.01040115311717248, -0.00576558508496149, 0.03752629941287148, 0.02808165548246414, 0.012773138630896562, 0.001196383855455798]",0.044
-kfUE41-JFw,0:51,0:54,3.0,92.21,"[-238.8989715576172, 146.55694580078125, -26.44158363342285, 2.896787166595459, 68.92314910888672, -31.2961368560791, 38.92405319213867, 0.211321160197258, 12.868833541870117, 4.898386478424072, 20.570571899414062, -0.3035866320133209, 11.164055824279785]","[-0.0014566340561053017, 0.01732529627878813, -0.025069572985980178, 0.05788967687285875, -0.011570359979736832, -0.003637030127261411]",0.0036
-kfUE41-JFw,0:55,1:05,10.0,114.8,"[-252.4071807861328, 143.0730743408203, -6.851369857788086, 0.9442607760429382, 49.83181381225586, -20.058618545532227, 33.91698455810547, 4.647175312042236, 12.487186431884766, 3.662623882293701, 18.45587730407715, 0.44979968667030334, 9.935067176818848]","[-0.008630341800883894, 0.005570674026079056, 0.005207924086893862, 0.055086422690263766, 0.0024139649527129088, -0.004944153459318683]",0.0432
4ZnQdxpZteM,2:32,2:44,12.0,143.55,"[-289.3606872558594, 136.4739227294922, -26.804767608642578, 5.019385814666748, 47.70404052734375, -29.59200096130371, 61.841060638427734, -7.014719009399414, 4.8041253089904785, 9.734966278076172, -1.3517998456954956, 9.893266677856445, -7.4532470703125]","[0.00843551172662165, -0.026738289843891625, 0.0043717387518070385, 0.0008993773037526581, -0.006794879176843961, 0.006991051326903735]",0.0725
4ZnQdxpZteM,2:57,3:03,6.0,103.36,"[-337.5848388671875, 138.4269561767578, -4.9818034172058105, 14.053555488586426, 42.7112922668457, -12.62352180480957, 43.33091354370117, -2.3337156772613525, 6.180213928222656, 9.855103492736816, 0.7807883620262146, 3.1401679515838623, -4.3401994705200195]","[-0.002025105417356146, 0.0060918222520345835, -0.017032233998179783, 0.008210244988914268, -0.003965884827602464, -0.00042569294413803455]",0.1847
4ZnQdxpZteM,5:29,5:42,13.0,129.2,"[-270.5782470703125, 133.45932006835938, -34.96390914916992, -0.8019952178001404, 50.75908279418945, -33.32294845581055, 65.1905288696289, -3.6230790615081787, 4.945864200592041, 1.141842246055603, -7.1424055099487305, 6.125976085662842, -10.426405906677246]","[0.018526283903750565, 0.016269815515249482, -0.018005227233100343, -0.037164291281702205, -0.013645914068755717, 0.0001491138489135455]",0.0241
8-2WQF3SWwo,10:19,10:22,3.0,148.03,"[-383.9228515625, 198.38238525390625, 40.69697952270508, -5.928368091583252, 31.876710891723633, 10.207380294799805, 29.093969345092773, -0.10087820887565613, 3.624790668487549, -6.8612380027771, 10.165946006774902, -5.365611553192139, 1.1295359134674072]","[-0.0515536133808838, -0.04184606604619974, 0.012661683616322462, -0.01346509911609621, 0.02121690132738403, 0.01831464451815451]",0.0639
8-2WQF3SWwo,9:27,9:56,29.0,108.17,"[-413.5338439941406, 154.28245544433594, 34.63371276855469, 0.8311960101127625, 29.097135543823242, 12.75430679321289, 20.226594924926758, 4.753773212432861, 8.894655227661133, -0.15055711567401886, 9.199085235595703, -0.8446712493896484, 2.331617593765259]","[-0.006469687448942841, -0.0037955494611065367, -0.015329476077143512, 0.013135232475256288, 0.02244907053502131, -0.002869455059837417]",0.3233
8-2WQF3SWwo,2:37,2:47,10.0,127.84,"[-373.6448974609375, 190.05511474609375, 40.37751007080078, -2.184157133102417, 31.468799591064453, 3.628246784210205, 20.008668899536133, -1.6820894479751587, 6.257296085357666, -6.046173095703125, 7.790233612060547, -6.185692310333252, -0.9942435622215271]","[0.008858894550956009, -0.002907859062755896, -0.028308859582234124, 0.029144282997357433, 0.0005747518154363393, -0.0005112488392064254]",0.0453
8-2WQF3SWwo,16:21,16:33,12.0,114.8,"[-387.0504150390625, 169.06138610839844, 35.92010498046875, 0.5853762030601501, 32.432167053222656, 6.275412559509277, 18.7418212890625, 7.319282531738281, 12.096760749816895, -4.448430061340332, 5.444443225860596, -4.435643196105957, 1.5223608016967773]","[-0.021130886945588585, -0.001720966927938785, 0.0050914482718725515, 0.021147194958317826, 0.007494994112779374, -0.002761628272439877]",0.1653
8-2WQF3SWwo,16:41,16:54,13.0,148.03,"[-380.20806884765625, 170.7944793701172, 40.78523635864258, -1.1262459754943848, 26.13968276977539, 6.913658618927002, 17.362098693847656, 2.7362051010131836, 9.230599403381348, -4.3296403884887695, 5.380244731903076, -3.751673936843872, 0.5122076272964478]","[-0.007640032869063874, -0.0001355544195749106, -0.03176375334911284, 0.012382419281765132, 0.01018129700819638, -0.007912836410267576]",0.185
8-2WQF3SWwo,16:59,17:07,8.0,133.93,"[-424.4269714355469, 148.9655303955078, 36.9745979309082, 1.6844353675842285, 26.331016540527344, 10.77277660369873, 15.878896713256836, 5.9379191398620605, 11.553763389587402, 0.3487032949924469, 6.089262008666992, -4.452183723449707, 1.1690646409988403]","[-0.003265918148827804, -0.008366064214077597, -0.041930051124608306, 0.0321700945881248, 0.017245395332815005, -0.01156996255014575]",0.4344
8-2WQF3SWwo,17:11,17:15,4.0,106.13,"[-392.7956848144531, 163.98292541503906, 36.380653381347656, 11.556272506713867, 41.07912063598633, 3.5236613750457764, 10.721219062805176, 4.073530673980713, 12.93244457244873, -5.329193115234375, 1.3032310009002686, -8.28638744354248, -0.4154004752635956]","[0.013884450110275165, 0.003206143059452375, -0.03778832319307954, 0.06263319420790685, -0.0007627054562230515, -0.00994961662155967]",0.1611
8-2WQF3SWwo,17:15,17:29,14.0,117.19,"[-375.90093994140625, 179.42343139648438, 40.85819625854492, 1.2279688119888306, 34.19143295288086, 11.92980670928955, 21.243671417236328, 5.652152061462402, 10.397016525268555, -6.148870468139648, 3.336439609527588, -6.94821310043335, 0.16228727996349335]","[0.012041518454989821, 0.009529291460578156, -0.010890489897207771, 0.010176976383731044, 0.0009203950777635102, -0.007102211769157772]",0.0804
8-2WQF3SWwo,17:39,17:58,19.0,127.84,"[-362.6578369140625, 193.3640899658203, 37.24406051635742, -19.442764282226562, 21.862627029418945, 14.020505905151367, 30.699567794799805, 2.0246143341064453, 6.7475266456604, -7.90641450881958, 7.864752769470215, -4.797454833984375, 0.14962993562221527]","[5.5590890634889394e-05, 0.007532098024253479, -0.021715587180148644, 0.017654454335962223, 0.002387209276880507, -0.0136713085533649]",0.1067
7LD8iC4NqXM,9:18,9:28,10.0,108.17,"[-417.533935546875, 152.51019287109375, 20.50045394897461, 28.95375633239746, 38.199127197265625, -27.62740707397461, 21.578550338745117, 15.635186195373535, 12.008191108703613, -7.281306743621826, 0.14507874846458435, -3.555579900741577, -1.2372605800628662]","[0.023313667844209383, 0.0023652562410675713, 0.0007806238668685509, 0.01354631441987856, 0.011141338254304356, -0.007219805697307799]",0.2436
7LD8iC4NqXM,4:46,4:55,9.0,125.0,"[-463.19598388671875, 133.38414001464844, 30.326780319213867, 33.546932220458984, 36.32023239135742, -11.187782287597656, 16.620866775512695, 12.50500202178955, 9.105558395385742, -2.753909111022949, -0.7140704989433289, -2.9512407779693604, -0.6978554129600525]","[-0.019099984729883012, -0.007631905385691023, 0.08696119735233686, 0.058338716917757265, 0.01862886969386267, 0.0077929250361901126]",0.3383
7LD8iC4NqXM,1:30,1:50,20.0,110.29,"[-449.5962829589844, 134.49078369140625, 17.572084426879883, 23.216957092285156, 30.547945022583008, -17.37828826904297, 23.10774040222168, 10.272563934326172, 9.395118713378906, -0.4037081003189087, 1.9887408018112183, -1.9753847122192383, -2.243990421295166]","[0.035554436636831416, -0.01457503371623719, 0.0003409973467727364, 0.046258628335417634, 0.009027698655035683, -0.013759019106279654]",0.3879
7LD8iC4NqXM,12:00,12:24,24.0,127.84,"[-418.1693420410156, 137.3824920654297, 16.619413375854492, 34.65250015258789, 41.58327865600586, -26.359159469604492, 24.07284927368164, 17.71564292907715, 12.562490463256836, -6.830310344696045, -2.20011305809021, -2.117321729660034, -2.542759895324707]","[0.001311272990083558, -0.008751199300529776, -0.023574666489092597, -0.0035661108185775785, 0.008408268337499839, -0.008589198426377639]",0.2928
QOPFqlFsLMw,2:07,2:13,6.0,114.8,"[-444.6924743652344, 95.1363525390625, 23.925153732299805, 4.502890586853027, 16.21318244934082, 6.38149356842041, 13.40794849395752, 5.0023651123046875, 7.746452808380127, 0.1962406039237976, -1.3911125659942627, -3.595658779144287, 3.063689947128296]","[0.011052891075182796, -0.019874082716426992, 0.006559438494796605, -0.07766061188317318, 0.0020511091349958424, -0.009548038260789532]",0.5187
QOPFqlFsLMw,3:41,3:46,5.0,95.34,"[-394.4037780761719, 115.25025177001953, 20.757274627685547, -2.0496766567230225, 17.464534759521484, 5.720015048980713, 14.229301452636719, 2.9866435527801514, 6.127581596374512, -1.7348164319992065, -1.8313912153244019, -6.320730209350586, -0.6710098385810852]","[0.022423576356175156, 0.0017370518556515287, 0.015458052973327405, -0.10212339275516086, -0.03142882238974828, -0.006053289901662524]",0.3518
QOPFqlFsLMw,4:27,4:36,9.0,119.68,"[-417.6812744140625, 128.24964904785156, 22.965517044067383, -2.4195916652679443, 21.46369171142578, 5.630300521850586, 14.106727600097656, -0.48137515783309937, 4.500166416168213, -4.599182605743408, -2.9235966205596924, -6.934574127197266, 2.40220046043396]","[0.004739147993046579, -0.013866228799523598, 0.031896107505068126, -0.037818385480535725, 0.009048576471354638, -0.0017024542317829712]",0.3531
QOPFqlFsLMw,5:53,6:02,9.0,140.62,"[-431.014892578125, 135.34193420410156, 37.866153717041016, 5.01747989654541, 20.047605514526367, 10.003641128540039, 17.69048500061035, 5.352247714996338, 6.300622940063477, -4.433506488800049, -3.373666763305664, -5.101497650146484, 2.1751043796539307]","[0.009518133713929922, -0.02085540547672268, 0.04424085091979901, -0.004226723174819695, 0.003865922154898307, -0.004503178220298521]",0.3175
bFQ8L0q8Np0,0:06,0:08,2.0,82.72,"[-371.44000244140625, 154.55567932128906, -12.681305885314941, -12.718594551086426, 30.21324348449707, -14.24145221710205, 30.798545837402344, -14.374044418334961, 4.184532165527344, 2.0888655185699463, 2.350151538848877, -3.4778964519500732, -3.086305618286133]","[0.020105181935030903, -0.016966678857262826, 0.033903785193576196, 0.002251437662089461, -0.0016055628816199527, -0.00040508680444379915]",0.2979
bFQ8L0q8Np0,0:28,0:32,4.0,119.68,"[-364.4049987792969, 165.6452178955078, 3.9342334270477295, -15.10433578491211, 23.707290649414062, -6.243618011474609, 36.807552337646484, -8.880051612854004, -0.8069788813591003, 0.8633916974067688, 10.833874702453613, -9.820588111877441, -7.445215702056885]","[-0.011214246883294919, 0.043993280831327516, 0.10147873570053734, 0.03773922449475102, -0.0008875125175707224, -0.001468451497949144]",0.1145
bFQ8L0q8Np0,0:40,0:43,3.0,117.19,"[-339.25689697265625, 166.9515838623047, 1.0537737607955933, -25.09308624267578, 28.833887100219727, 5.4944748878479, 29.511489868164062, -11.30062198638916, 0.9599832892417908, 1.0087871551513672, 15.45201301574707, -7.146612167358398, -0.6855076551437378]","[0.0778369449743608, 0.032209346465446924, 0.09445269479785186, -0.03177782378389446, 0.026532881260073037, 0.006770350729226266]",0.135
bFQ8L0q8Np0,1:25,1:28,3.0,127.84,"[-414.6732482910156, 155.1130828857422, 6.327854156494141, -5.249044895172119, 25.150062561035156, 0.9995437264442444, 32.56647491455078, -6.569187164306641, 1.1113159656524658, 2.371878147125244, 8.334012031555176, -1.5761197805404663, -2.8725297451019287]","[0.0014371379677006028, 0.01198284726122067, 0.001450675055814458, 0.012238825285942516, 0.03410738391811961, 0.017402044429814363]",0.3002
X3-hUqGVBow,0:04,0:16,12.0,129.2,"[-504.9967956542969, 156.07029724121094, 26.33525276184082, 16.222997665405273, 32.98647689819336, 11.811758995056152, 26.865558624267578, 0.6162689924240112, 4.118985652923584, -1.5635297298431396, -0.45966967940330505, -2.561256170272827, -5.412972450256348]","[0.046509591710651256, 0.009245117773518285, 0.008659914908282036, 0.016103308542489182, -0.003525581330047184, 0.001805642998247748]",0.5527
X3-hUqGVBow,0:19,0:38,19.0,132.51,"[-451.5450134277344, 158.0183563232422, 23.373653411865234, 10.954492568969727, 27.655582427978516, -2.454590082168579, 21.476701736450195, -5.878060340881348, 1.1501063108444214, -3.346876621246338, -1.7786216735839844, -0.9554137587547302, -2.15682053565979]","[0.014817046142979627, 0.03609632277782233, -0.016130787631350018, 0.012384906720094617, -0.00028988073211987157, 0.007422973403053475]",0.4337
X3-hUqGVBow,1:00,1:09,9.0,126.05,"[-479.4538269042969, 153.47207641601562, 29.269084930419922, 12.82352066040039, 26.535612106323242, 8.38180923461914, 16.770946502685547, -0.6422956585884094, 1.772475242614746, -3.558917999267578, 0.6690067648887634, -1.7024264335632324, -4.298140525817871]","[0.02047642388153012, 0.02580124830567896, -0.025549693728438787, -0.017065230100989218, -0.006784830971519037, -0.004985083681173968]",0.5216
X3-hUqGVBow,1:09,1:18,9.0,114.84,"[-504.83978271484375, 160.6293182373047, 19.072765350341797, 15.314733505249023, 34.845333099365234, 1.7211956977844238, 28.44436264038086, -5.616410732269287, 2.67521333694458, -2.225297689437866, -1.9897860288619995, 1.3890752792358398, -5.304548263549805]","[0.02734240547634625, 0.040175033137164765, 0.0003643336595974387, 0.025789705677069473, 0.010046526964537691, -0.002489401305350729]",0.6061
X3-hUqGVBow,1:18,1:23,5.0,129.2,"[-498.319091796875, 164.2958221435547, 23.729639053344727, 12.943397521972656, 32.482765197753906, 5.368009090423584, 26.054819107055664, -6.395279884338379, 1.900368094444275, -1.7431188821792603, 0.3112998306751251, -1.586593747138977, -7.18727445602417]","[0.03682065197121741, 0.0012827471952696489, 0.028388927590205327, 0.02649941709942751, 0.018581268147452857, 0.0020843950919202364]",0.5487
X3-hUqGVBow,1:23,1:29,6.0,129.2,"[-509.7120361328125, 164.1669158935547, 18.578317642211914, 19.22080421447754, 44.83129119873047, 6.780585765838623, 37.6174430847168, -3.6304361820220947, 4.606253623962402, -3.34104585647583, -5.086828231811523, -0.07507631182670593, -5.637374401092529]","[0.04295625572933587, 0.004173219108973718, 0.015932063119056934, -0.09093943825153716, -0.03727578118378223, 0.005148282812321035]",0.4739
X3-hUqGVBow,1:29,1:36,7.0,126.05,"[-523.9354248046875, 157.3978729248047, 18.57863998413086, 22.86234474182129, 41.6982536315918, -0.42524489760398865, 28.12953758239746, -7.271273136138916, 4.482656002044678, -1.7426023483276367, -6.397151947021484, 2.9121012687683105, -6.245514869689941]","[0.013609514492866702, 0.05425281975105684, 0.005503218705961971, 0.05582837553410649, 0.006575893959243794, 0.016709729567306066]",0.7728
X3-hUqGVBow,1:45,1:49,4.0,117.45,"[-511.47845458984375, 159.3412628173828, 13.59438705444336, 16.102001190185547, 37.36970138549805, -7.047665596008301, 23.926618576049805, -11.342731475830078, 5.088808536529541, 0.9194076061248779, -4.2597432136535645, 1.9113798141479492, -4.686257362365723]","[-0.006670462494186416, 0.021065770504078325, 0.016097496757688554, 0.039628816633552534, 0.004320551506845627, 0.007989969159867941]",0.7449
X3-hUqGVBow,1:58,2:21,23.0,120.19,"[-488.96612548828125, 154.8031463623047, 29.8859806060791, 14.966553688049316, 28.747026443481445, 9.888272285461426, 18.201913833618164, -1.7042229175567627, 2.0137546062469482, -2.4081218242645264, 0.5600699186325073, -3.709606885910034, -4.887740135192871]","[0.020056373858585594, 0.0031530367550933517, 0.05302925230352404, 0.01896824187606407, 0.008873790964338938, 0.008982269635343883]",0.5004
X3-hUqGVBow,3:28,3:30,2.0,129.2,"[-535.0218505859375, 150.45579528808594, 4.312247276306152, 23.037927627563477, 46.586029052734375, -10.819461822509766, 32.550392150878906, -9.828882217407227, 9.97580623626709, 5.36242151260376, -7.943011283874512, 8.179134368896484, -6.170255661010742]","[0.03277898195131905, 0.014106146546631518, 0.006952168932858963, -0.008038349347054583, 0.007934357148440955, 0.0017671649533230079]",0.7942
X3-hUqGVBow,3:39,3:54,15.0,123.05,"[-488.7790222167969, 156.38917541503906, 27.174516677856445, 16.45435905456543, 34.26584243774414, 11.45364761352539, 24.423234939575195, -2.6055846214294434, 0.24275675415992737, -4.413883209228516, 0.3062433898448944, -1.9954843521118164, -4.753987789154053]","[0.028517537012328644, 0.020924977556205007, 0.020492214612207134, -0.004326174769661627, -0.0009630878182394582, 0.011651350835290659]",0.4505
7PV9Yp34awQ,1:19,1:22,3.0,122.28,"[-399.6483154296875, 143.34481811523438, 15.556109428405762, 12.741071701049805, 36.9483757019043, -9.103900909423828, 43.36660385131836, -9.661614418029785, 20.375835418701172, -2.2106900215148926, 6.370711326599121, 6.7063798904418945, 1.9647992849349976]","[-0.04344132431626721, 0.06604981893774979, -0.04618055117357901, 0.16155841331895882, 0.028526802561932976, 0.047458917296245094]",0.0053
7PV9Yp34awQ,1:28,1:34,6.0,127.84,"[-372.6381530761719, 144.8905792236328, 5.731234073638916, 8.453045845031738, 40.68776321411133, -16.3346004486084, 49.51777648925781, -11.01948356628418, 21.558683395385742, 1.642430305480957, 6.972961902618408, 1.4435726404190063, -1.080928087234497]","[-0.07354235783908443, -0.06163931494532478, -0.15282801589490203, 0.09687105482890802, 0.07123764338273098, 0.001967598051808736]",0.0071
7PV9Yp34awQ,1:45,1:48,3.0,127.84,"[-382.9618225097656, 141.30694580078125, 5.092965602874756, 12.753934860229492, 47.116485595703125, -11.16797161102295, 50.53635025024414, -12.134629249572754, 23.202655792236328, 1.6659822463989258, 6.812989234924316, 5.900798320770264, 0.34877538681030273]","[-0.08659050575306138, -0.10933820201473554, -0.18848969939216104, 0.07355668637934624, 0.08235138718929252, -0.014047904124526469]",0.0018
7PV9Yp34awQ,2:06,2:18,12.0,127.84,"[-362.6554870605469, 140.7138214111328, 13.883538246154785, 9.940361976623535, 35.50122833251953, -11.024112701416016, 39.42710876464844, -6.69361686706543, 13.696548461914062, -0.4465425908565521, 11.50837516784668, -1.228521466255188, 7.356687068939209]","[-0.051292859400137204, -0.00522469695760093, -0.1026165288016995, 0.13341246884413846, 0.05308166985856874, 0.04190501864806732]",0.004
7PV9Yp34awQ,6:01,6:06,5.0,112.5,"[-364.0685119628906, 146.58534240722656, 12.46193790435791, 11.991681098937988, 38.56532669067383, -15.861063003540039, 44.85393142700195, -9.401419639587402, 19.088773727416992, -0.9758826494216919, 7.3230390548706055, 2.9124863147735596, 4.25373649597168]","[-0.11530304948793954, -0.1549261682208696, -0.2292459472112342, 0.06503023715939972, 0.10037974713672222, -0.026015892251531707]",0.0
7PV9Yp34awQ,7:56,8:08,12.0,127.84,"[-375.89886474609375, 147.4656524658203, 12.17202091217041, 11.672993659973145, 38.55829620361328, -16.31721305847168, 45.76233673095703, -11.427818298339844, 18.472536087036133, -1.2634046077728271, 7.2915544509887695, 3.4574928283691406, 1.2850102186203003]","[-0.07660804997710875, -0.0891399214932447, -0.1608585156591362, 0.10257637727159967, 0.07303618019255423, -0.010969971241251536]",0.0053
tfWC9IsoGyQ,0:26,0:35,9.0,110.29,"[-426.0560607910156, 145.89862060546875, 31.592815399169922, 7.8579230308532715, 25.639616012573242, 4.386892795562744, 25.494176864624023, 7.820507049560547, 5.277485370635986, -7.954763412475586, 7.3556227684021, 8.844982147216797, 3.209684371948242]","[0.0006988128065978881, -0.005040022328291324, -0.013254317868792274, -0.0010651059479617187, 0.00703051664561648, -0.015750378566080706]",0.3264
PeuPLVlhAiM,1:20,1:24,4.0,117.19,"[-501.5274353027344, 89.85968780517578, 52.08390426635742, 28.68194580078125, 18.70173454284668, 9.252961158752441, 25.34257698059082, 7.5017266273498535, 6.663463115692139, 4.745494365692139, 5.693715572357178, -1.3030701875686646, 2.27785587310791]","[-0.042460503356828924, -0.015961532385728505, -0.04608557168171149, 0.0837934759815039, -0.04455151213175768, 0.0009516959294699076]",0.5672
PeuPLVlhAiM,1:34,1:39,5.0,119.68,"[-433.4967956542969, 130.08306884765625, 52.21852493286133, 19.96710777282715, 23.822370529174805, 5.2296600341796875, 38.78130340576172, 8.556154251098633, 7.9295196533203125, 1.6407514810562134, 7.615749835968018, -7.757584571838379, -0.9976011514663696]","[0.0042476659092434334, 0.015726697039942943, 0.02316886200450394, -0.09292388165683389, -0.005450539776548812, 0.005499010269807197]",0.2942
PeuPLVlhAiM,3:45,3:54,9.0,122.28,"[-458.89581298828125, 131.71461486816406, 56.38492202758789, 12.105356216430664, 12.21198558807373, 7.104242324829102, 32.99412536621094, 2.0099403858184814, 3.1147050857543945, 0.6990940570831299, 6.918511390686035, -7.493896484375, -1.1228276491165161]","[0.009228615286870183, 0.011599516663516244, 0.05505770924600418, 0.01971020748255591, -0.010909622908272232, -0.008207842811221533]",0.3732
PeuPLVlhAiM,4:42,4:44,2.0,148.03,"[-493.0007019042969, 132.46531677246094, 49.64653778076172, 23.60296058654785, 16.269649505615234, 2.691890001296997, 35.60691452026367, 5.103602409362793, 12.449307441711426, 6.915631294250488, 4.234867572784424, -3.28314208984375, -2.049421548843384]","[0.01426631400071411, -0.022273994964549303, 0.060960498767250786, -0.03887120931548031, 0.005174300060699162, 0.008344049575401835]",0.4495
PeuPLVlhAiM,5:29,5:36,7.0,122.28,"[-479.6585998535156, 107.4588623046875, 54.67121505737305, 27.33515167236328, 21.65393829345703, 5.223363876342773, 23.74925994873047, 2.372666835784912, 7.254764556884766, 3.7621631622314453, 4.692814350128174, -2.650914430618286, 1.8479481935501099]","[0.03402284115071895, 0.020171788593360378, 0.06418215422284612, -0.05351565869366202, 0.009395535485388599, -0.003759009300064991]",0.4577
kOZWxisLm5s,0:23,0:26,3.0,112.5,"[-306.7715759277344, 155.82669067382812, 21.25933265686035, 11.41751480102539, 19.59596061706543, -14.363486289978027, 25.10301971435547, 2.858187198638916, 2.062103748321533, -1.989037036895752, -3.2833163738250732, -7.990236282348633, 2.5877716541290283]","[0.022581747522164998, -0.04164589978310139, 0.08958698423466843, -0.011368810884045923, -0.019846912307880313, -0.018137052785902944]",0.1456
kOZWxisLm5s,0:25,0:37,12.0,114.8,"[-267.2362976074219, 137.31552124023438, 13.568944931030273, 16.001285552978516, 34.28080749511719, -7.750527381896973, 23.401607513427734, 4.341607093811035, 5.79092264175415, 5.541157245635986, 6.288261890411377, -4.86543083190918, 0.7133393287658691]","[-0.0003388186301274149, 0.004733446114475174, -0.015620025268270695, -0.033684814718284356, -0.02421339887673284, -0.016555250303237228]",0.0746
lMxXFufpHFc,0:06,0:12,6.0,123.05,"[-353.00067138671875, 128.1763916015625, 18.418418884277344, 26.677175521850586, 28.40251922607422, -8.888588905334473, 26.458940505981445, -0.6336090564727783, 0.9243978261947632, 4.84125280380249, -2.6417453289031982, 1.0559008121490479, 1.4549092054367065]","[-0.053911355245241495, 0.021918963394073277, 0.07859924556759527, -0.07857606156681443, 0.01960466352405041, -0.0029429663970774876]",0.1373
lMxXFufpHFc,0:52,1:14,22.0,107.67,"[-322.2922058105469, 150.43423461914062, 23.776208877563477, 19.357322692871094, 24.415189743041992, -10.916068077087402, 32.13330078125, 4.6736741065979, 7.083662509918213, 3.883037805557251, -0.6004256010055542, 2.192190170288086, 3.753244161605835]","[-0.006707920872790313, -0.06549304829826547, 0.06658840384469478, -0.07811922300975564, -0.020311730521730256, -0.023870129305298016]",0.0644
lMxXFufpHFc,1:23,1:30,7.0,120.19,"[-322.6098937988281, 142.9332275390625, 15.319064140319824, 19.062068939208984, 28.11176872253418, -9.837873458862305, 33.06468963623047, 4.6100358963012695, 5.487387180328369, 4.3057379722595215, 0.48335421085357666, 4.624416828155518, 6.02842378616333]","[0.019635569063726883, -0.06514557324524597, 0.0895795366270421, -0.09485020456954556, -0.005085742277372037, -0.02865319142823151]",0.0365
W1RY_72O_LQ,0:01,0:15,14.0,133.93,"[-317.1527099609375, 162.03408813476562, -6.533555507659912, -9.317387580871582, 37.75575256347656, -9.688079833984375, 28.979263305664062, -5.197335720062256, -0.8270829916000366, -5.794122695922852, 9.172772407531738, -6.149311542510986, -3.532968044281006]","[0.015753572895412713, -0.022398723986534568, 0.012015021218147062, -0.0038651425851777975, 0.007067705496087833, -0.010125825714604714]",0.1367
W1RY_72O_LQ,0:23,0:30,7.0,127.84,"[-353.0982360839844, 155.69837951660156, -0.9106430411338806, -9.858550071716309, 32.6118278503418, -2.69985032081604, 29.179691314697266, -4.444613933563232, -3.5249719619750977, -6.726493835449219, 9.03130054473877, -2.7174198627471924, -4.447985649108887]","[-0.006932171624125936, -0.003348765652533315, 0.021620142710539105, -0.027281301287595247, 0.0049881006239243415, -0.010346444506128623]",0.2727
W1RY_72O_LQ,1:08,1:15,7.0,110.29,"[-377.80682373046875, 164.62660217285156, 3.4051640033721924, 1.9616655111312866, 43.072086334228516, -2.7223458290100098, 28.860820770263672, -0.029922660440206528, 3.0231759548187256, -3.641252040863037, 7.68170166015625, -4.171241283416748, -0.0300397090613842]","[-0.023692014373108423, 0.002963604907829813, 0.015435180579640488, 0.00806688257902323, 0.014566741749778876, -0.002959976744411022]",0.1828
W1RY_72O_LQ,2:23,2:28,5.0,108.17,"[-358.3645935058594, 152.49928283691406, -0.8239287734031677, 5.43947172164917, 45.961753845214844, -5.150143146514893, 28.481536865234375, 0.04425140097737312, 0.4840289056301117, -3.1258726119995117, 12.578722953796387, -0.9683675169944763, -3.672285795211792]","[-0.020835927084636722, 0.027247956522603502, 0.05347218978028089, -0.07525015351569048, 0.024869115690933717, -0.003003332162472448]",0.0842
GQhw9teSyKc,0:29,0:35,6.0,127.84,"[-305.81939697265625, 167.5822296142578, 38.6357536315918, 2.9802920818328857, 29.070566177368164, 17.27250862121582, 22.93414306640625, 7.458402633666992, 9.338006973266602, 0.6201292872428894, 5.132058143615723, -2.287853956222534, 5.296741485595703]","[0.0011249340263675255, 0.0319476948697076, -0.014755241116707599, -0.02546997383471797, 0.018973820484026602, -0.001750754032116069]",0.0
GQhw9teSyKc,0:34,0:43,9.0,130.81,"[-298.5704040527344, 171.6677703857422, 40.269161224365234, 7.870111465454102, 36.4017219543457, 16.50944709777832, 18.26173973083496, 3.3646037578582764, 6.967809200286865, -0.8962748050689697, 5.261590480804443, -4.812553882598877, 3.9437835216522217]","[-0.018218144160558454, 0.015986521210957855, -0.0036093455737113748, 0.005890813016694544, 0.007319380770354202, -0.0008977167504195025]",0.0
GQhw9teSyKc,0:43,1:00,17.0,119.68,"[-296.5024719238281, 175.0639190673828, 46.54662322998047, 8.121428489685059, 31.639284133911133, 15.919654846191406, 20.777143478393555, 6.7656354904174805, 11.194937705993652, 2.5226192474365234, 6.4221954345703125, -2.347888231277466, 6.143746852874756]","[-0.015462956220721217, 0.021405115812945158, -0.023863387145855786, 0.008020626802588613, 0.025848291107089826, 0.00024060997728539437]",0.0
GQhw9teSyKc,1:00,1:18,18.0,122.28,"[-313.6433410644531, 164.87884521484375, 38.26252365112305, 9.353460311889648, 33.7301139831543, 16.221349716186523, 20.349884033203125, 6.141512393951416, 9.414401054382324, 3.4847569465637207, 5.335232734680176, -4.244441509246826, 4.453798294067383]","[-0.014963122208403708, 0.04608320333410196, -0.01952272342017011, -0.010396442784220479, 0.01598986210753146, 0.023294571228456424]",0.0
GQhw9teSyKc,1:36,2:04,28.0,125.0,"[-307.3159484863281, 166.46490478515625, 45.84489440917969, 8.38358211517334, 30.82464027404785, 18.180295944213867, 19.125520706176758, 6.774837493896484, 10.18241024017334, 2.942012310028076, 5.9039626121521, -3.8083136081695557, 3.7131447792053223]","[-0.00573430638170954, 0.017776752150661056, 0.004155588236168602, -0.012479290116980606, 0.011698401124460404, 0.005271795140924316]",0.0
GQhw9teSyKc,2:07,2:15,8.0,122.28,"[-311.8531188964844, 166.34210205078125, 38.35512924194336, 9.116537094116211, 33.56105422973633, 16.56064796447754, 22.861766815185547, 9.505575180053711, 10.164619445800781, 1.8471523523330688, 5.65955114364624, -3.868199586868286, 3.730886459350586]","[0.006785001315209683, 0.02113088949606353, -0.004175255240762184, -0.014911288572357503, 0.021331649275914435, 0.004491607399054284]",0.0
EaD3ka3KnfQ,0:03,0:18,15.0,130.81,"[-396.48736572265625, 143.4627227783203, 50.496246337890625, 19.12873649597168, 16.804750442504883, 4.765923500061035, 26.273469924926758, 12.043526649475098, 2.296450614929199, -2.66801381111145, 4.122006893157959, -2.0023257732391357, -1.2084681987762451]","[0.0028829122208882587, 0.00536502748428882, -0.023615255756959292, -0.014142723303947865, -0.00047952684493262666, -0.009419763672645305]",0.1066
EaD3ka3KnfQ,0:36,0:56,20.0,133.93,"[-372.931884765625, 126.40776062011719, 52.67936325073242, 24.762434005737305, 13.803613662719727, -1.7809942960739136, 16.767906188964844, 10.0081148147583, 1.7204344272613525, -3.361252546310425, 3.6374752521514893, 0.15112674236297607, -0.8543761968612671]","[0.017733137599973626, -0.011718519966125785, -0.012303172256519671, -0.055120330699241556, -0.01139724226392033, -0.005104063489721769]",0.1181
EaD3ka3KnfQ,1:11,1:42,31.0,114.8,"[-395.5456237792969, 118.67276000976562, 50.26850509643555, 23.958669662475586, 16.76930809020996, 7.046609401702881, 19.358686447143555, 10.548330307006836, 5.137242794036865, 2.7015061378479004, 4.609766960144043, -0.42871689796447754, -1.208196759223938]","[0.014779280802691759, 0.005933145652613266, 0.009789049196624629, -0.027633714850560397, -0.011967195070666575, -0.01255960753244413]",0.1617
YODpttjfh2w,0:43,0:51,8.0,119.68,"[-321.66046142578125, 145.83953857421875, 4.955794334411621, -4.675669193267822, 31.07006072998047, -2.392756938934326, 13.609813690185547, -10.506439208984375, 11.317116737365723, -3.8839316368103027, 0.5832613706588745, -5.719717979431152, 1.0444430112838745]","[0.026392954738988995, 0.03868506339156247, -0.003089256437593658, 0.0021473486696197133, 0.008960622370489616, 0.022786142461207887]",0.1479
YODpttjfh2w,0:54,1:05,11.0,117.19,"[-318.4936828613281, 134.19007873535156, -2.307861804962158, -1.626244306564331, 36.613487243652344, -10.143637657165527, 13.883374214172363, -9.910991668701172, 12.116989135742188, -2.564568519592285, 2.702120304107666, -5.838393211364746, -0.12098439782857895]","[0.017411583038347795, 0.06056735441070534, -0.004080194930699291, 0.05437103271104258, 0.016452564286064578, 0.009090740667325169]",0.1861
YODpttjfh2w,1:57,2:21,24.0,130.81,"[-314.97210693359375, 140.7393341064453, 3.886129856109619, -7.34370231628418, 31.182077407836914, -1.7618181705474854, 15.854104042053223, -6.1177263259887695, 11.695333480834961, -1.887584924697876, 0.9174365401268005, -8.956915855407715, -0.4624859392642975]","[0.019724494140111386, 0.02546131228690877, -0.009561865684555611, 0.01975520306344014, 0.009964399319275126, 0.009511889879180214]",0.1144
4Jl6zk4csA8,1:15,1:25,10.0,133.93,"[-322.03857421875, 141.9139862060547, 20.29833221435547, 0.1578386127948761, 30.936519622802734, 4.706200122833252, 24.333478927612305, -10.26797866821289, 8.123872756958008, -4.751079559326172, -3.1175038814544678, -1.9256014823913574, -5.375583171844482]","[-0.018895931252737586, 0.00971318108708644, -0.03474076796841348, 0.0005242321238132972, 5.2030047483244016e-05, 0.007141286557265271]",0.1173
4Jl6zk4csA8,2:24,2:34,10.0,119.68,"[-317.8023681640625, 122.95474243164062, 9.536972045898438, 2.914991617202759, 30.102449417114258, -2.4657375812530518, 26.17068099975586, -8.258614540100098, 8.83724308013916, -1.567932367324829, -2.950638771057129, -0.8846837878227234, -1.5384050607681274]","[-0.007221816442261599, -0.00997435814111285, -0.010589117819973907, -0.03491287194518834, 0.0007404822801629421, 0.007184489332453516]",0.178
4Jl6zk4csA8,2:34,2:51,17.0,114.8,"[-326.0858154296875, 134.66152954101562, 24.582128524780273, 3.9733099937438965, 26.001474380493164, 2.940793514251709, 19.12612533569336, -6.94333553314209, 6.3720316886901855, -3.40775990486145, -0.4967835247516632, -1.0144574642181396, -2.1339542865753174]","[-0.021044493044346805, 0.011033803462963223, -0.03532339894445618, -0.027250169910469618, -0.001331203797110985, 0.0025290875015558643]",0.1612
4Jl6zk4csA8,2:51,3:14,23.0,114.8,"[-343.67291259765625, 130.94374084472656, 27.403772354125977, 7.299363136291504, 27.704418182373047, 3.1372313499450684, 21.909175872802734, -10.377986907958984, 6.439304828643799, -3.908376455307007, -1.6776102781295776, 1.5140950679779053, -4.464987754821777]","[-0.01500371341738015, 0.028210079598268798, -0.04212873659391198, 0.008998951184764573, -0.005086354259248863, 0.0045798843544699605]",0.2142
w_MnonyOAxE,0:43,1:08,25.0,127.84,"[-465.2574768066406, 157.01119995117188, 42.23020935058594, -7.294828414916992, 14.86935043334961, 6.890998840332031, 15.78253173828125, 4.9460906982421875, 5.6524810791015625, -9.067814826965332, 0.9399592280387878, -5.671287536621094, -1.619556188583374]","[-0.004967611292875788, 0.0033673694735670686, -0.021517177911464618, 0.03320047832259018, -0.0008892894425678879, -0.00390775654536825]",0.3089
w_MnonyOAxE,3:11,3:14,3.0,144.23,"[-492.1285400390625, 151.10072326660156, 16.377460479736328, -4.904049873352051, 35.6530876159668, -1.0309782028198242, 6.779181480407715, -2.250530242919922, 8.724133491516113, -5.867190837860107, 3.4932620525360107, -4.335763454437256, 3.6276543140411377]","[-0.02367018212042618, -0.0067954317606561026, 0.08071441779601285, 0.029909480421855032, 0.026103596208091488, 0.010098706297932122]",0.4725
w_MnonyOAxE,3:29,3:32,3.0,106.13,"[-454.4617919921875, 167.47576904296875, 43.53614807128906, -0.5725226402282715, 30.375534057617188, 12.17487621307373, 15.106284141540527, 6.877209186553955, 8.193244934082031, -12.267881393432617, 0.7400312423706055, -5.501801490783691, -2.4095375537872314]","[-0.022121836796562804, -0.02021542667306037, 0.06109209385407713, 0.03335373594961574, 0.004039319171997223, -0.013740878768073343]",0.1936
w_MnonyOAxE,8:03,8:10,7.0,144.23,"[-477.05682373046875, 132.81658935546875, 43.49153137207031, 1.988088607788086, 17.400318145751953, 14.458253860473633, 17.550731658935547, 8.629251480102539, 6.73332405090332, -4.9505181312561035, 1.6744767427444458, -3.366652011871338, -2.518970489501953]","[-0.010115277912431307, 0.004602275697837407, -0.007287860655432525, -0.015612118507211522, -0.004467408602912643, -0.00667788126792824]",0.3861
w_MnonyOAxE,11:40,11:42,2.0,114.8,"[-472.22332763671875, 175.3182830810547, 12.761305809020996, -2.318018913269043, 44.9021110534668, -14.008118629455566, 20.421689987182617, -5.905675888061523, 0.42423295974731445, -11.308483123779297, 3.9134674072265625, -8.270047187805176, 4.721266746520996]","[0.019933511458219165, 0.007162372689319288, -0.01371877371615978, 0.024826976608117793, 0.003414926497872899, 0.0012047768052187739]",0.3298
psN1DORYYV0,4:18,4:46,28.0,119.68,"[-426.716064453125, 146.4214630126953, 31.660701751708984, 11.87748908996582, 22.332775115966797, -3.5224173069000244, 19.674983978271484, -3.2376549243927, 6.320845127105713, 7.887038707733154, -2.382587194442749, -7.554500579833984, 3.1120591163635254]","[0.0023391033645128504, 0.009629198759987707, 0.009054433513972579, 0.00707289129758102, 0.0012659800939761915, -0.004419763346489637]",0.382
psN1DORYYV0,19:24,19:34,10.0,125.0,"[-456.9856872558594, 154.8612060546875, 31.683103561401367, 10.537540435791016, 19.120027542114258, -6.802573204040527, 20.304458618164062, -6.727675437927246, 4.910619735717773, 7.795663356781006, -5.5836944580078125, -6.774436950683594, 4.149646282196045]","[0.009091839263890494, -0.006390356742530824, 0.01377701578485029, -0.0036651580778164017, -0.006488511142346905, -0.0038575111527933076]",0.4856
Tl9KT9RwiGc,2:45,2:48,3.0,108.17,"[-418.2209167480469, 190.85317993164062, 16.975688934326172, -12.651803970336914, 42.23128128051758, 2.5315024852752686, 24.164684295654297, 0.09079787135124207, 5.796235084533691, -6.982371807098389, 17.343212127685547, 0.24406099319458008, 3.957885980606079]","[-0.018780807348711667, 0.008346866108063029, 0.002883006861601843, 0.03956559099270215, -0.0048796826365392195, 0.002992190188624048]",0.2202
Tl9KT9RwiGc,3:48,4:05,17.0,130.81,"[-426.2917175292969, 176.69825744628906, 23.36756706237793, -5.52443790435791, 34.29603576660156, -0.7517186403274536, 15.483133316040039, 2.457754611968994, 5.654206275939941, -5.68285608291626, 16.099658966064453, 3.071272134780884, 2.001802921295166]","[-0.006349174602003215, 0.013891754818731877, 0.007126770947050113, 0.010477631411268505, 0.0004544798921006234, 0.0015688883207508847]",0.3225
u9h-ysSUDqc,0:35,0:45,10.0,125.0,"[-278.6110534667969, 133.99905395507812, 24.92911720275879, 5.896806240081787, 19.203807830810547, -8.947303771972656, 19.854351043701172, 2.221569776535034, 0.679628312587738, -11.832110404968262, -4.109063148498535, -5.938194274902344, -6.341247081756592]","[-0.0023156144526710544, -0.007472857359707805, 0.020727285900888334, 0.004480102861886591, 0.005162801994640811, 0.002088735174370483]",0.1642
u9h-ysSUDqc,1:13,1:21,8.0,114.8,"[-241.58106994628906, 144.8394775390625, 26.114086151123047, 11.022849082946777, 19.514636993408203, -8.759175300598145, 27.617238998413086, 2.0523345470428467, -3.3855278491973877, -4.665026664733887, 1.9171652793884277, -6.192502021789551, -10.634893417358398]","[0.004498089536865788, -0.015454856327245829, 0.006691873725999906, -0.01572760327506338, -0.007733985551796572, -0.0015806721058518431]",0.032
Q0HjcLMVKdU,2:34,2:43,9.0,119.68,"[-392.61358642578125, 168.0511474609375, 33.912723541259766, 8.792067527770996, 27.553668975830078, -10.155978202819824, 19.728609085083008, 11.979058265686035, -5.031528949737549, -12.485883712768555, 7.8500165939331055, -10.294543266296387, -2.7192301750183105]","[0.005433749766749614, -0.00853641951500216, -0.05217342935497022, -0.012679941521326616, 0.0063607717284936225, -0.005475144202214561]",0.1653
Q0HjcLMVKdU,3:09,3:53,44.0,119.68,"[-428.1129150390625, 149.46437072753906, 39.05179977416992, 8.759586334228516, 18.741086959838867, -4.9156718254089355, 18.384048461914062, 10.47375202178955, -5.021297454833984, -10.495861053466797, 7.449263095855713, -5.356581211090088, -3.08044695854187]","[0.008912961255844485, -0.00017471608573486376, -0.009490785202715445, -0.00011987025437997015, 0.0021506572434511735, 0.005507211055765324]",0.3477
SzY0L5tA4DU,0:20,0:41,21.0,119.68,"[-298.4747314453125, 144.75564575195312, 27.05450439453125, 14.693090438842773, 27.7564640045166, -2.566763162612915, 25.684226989746094, 9.683073997497559, 5.641603946685791, 2.4515650272369385, 6.167614936828613, -2.3786556720733643, 3.5178000926971436]","[0.04435046958574664, -0.07727223009751316, 0.0747066842839774, -0.03392119302107864, -0.030216709123176026, -0.024228330970293765]",0.0
VhDFNaF0w6c,0:58,1:03,5.0,119.68,"[-274.6803894042969, 150.29664611816406, -0.31258121132850647, 17.262710571289062, 42.41669464111328, -21.80548667907715, 34.06113052368164, 4.072906017303467, 8.610254287719727, 1.899670124053955, 0.6150490641593933, -0.08908542990684509, 7.151823043823242]","[0.0034944449564938656, -0.019543071884770828, 0.03433881961265945, -0.01664850494560277, -0.012458484632352941, -0.01435461939240037]",0.0608
VhDFNaF0w6c,1:07,1:24,17.0,119.68,"[-274.7973327636719, 154.0098876953125, -1.3576701879501343, 14.80020809173584, 43.910091400146484, -18.56829833984375, 38.619930267333984, 3.232292652130127, 6.085614204406738, 1.3644787073135376, 4.309879302978516, 0.7260186076164246, 4.088915824890137]","[0.02357762924796797, -0.024015789654318498, 0.01662984174510285, 0.041860975915071735, -0.014164657714545295, -0.04355735975348184]",0.027
VhDFNaF0w6c,1:24,1:43,19.0,117.19,"[-287.52203369140625, 146.01596069335938, 1.1202889680862427, 10.9170503616333, 36.647666931152344, -10.749716758728027, 33.39118576049805, 5.021023273468018, 6.810831546783447, 3.6276350021362305, 5.80725622177124, 1.1019483804702759, 5.339144229888916]","[-0.001419203058759757, -0.01900581092639086, 0.024130110119328453, -0.005081755457429879, 0.005862135814240092, -0.04267568235448815]",0.1016
VhDFNaF0w6c,1:43,1:57,14.0,140.62,"[-329.4969787597656, 144.13778686523438, 3.6124579906463623, 17.814403533935547, 37.789947509765625, -13.812893867492676, 32.91364669799805, 3.8467016220092773, 10.634868621826172, 9.72231674194336, 4.900294780731201, 1.9164931774139404, 5.498745441436768]","[0.005338893079168534, -0.030633576510627713, -0.012771261942141244, 0.023263470332867926, -0.003954180952793636, -0.039796737599366055]",0.1782
n96TZKnnhec,0:31,0:33,2.0,129.2,"[-350.3802795410156, 155.3803253173828, 14.002497673034668, 31.268415451049805, 45.06816864013672, -18.671756744384766, 49.8571662902832, 0.8566755056381226, 7.012989044189453, 13.756461143493652, 3.649181842803955, 4.679726600646973, -4.669626235961914]","[-0.05572978993832342, -0.003213704488983479, 0.10838538923341291, -0.06330714221989767, 0.028567961440513812, -0.02747786348091733]",0.0
n96TZKnnhec,0:47,0:49,2.0,114.84,"[-297.9150695800781, 147.56021118164062, 10.315125465393066, 23.150524139404297, 37.65834426879883, -12.252263069152832, 57.840309143066406, 14.395437240600586, 11.832718849182129, 11.334335327148438, 1.8235459327697754, 1.0755579471588135, -6.762624740600586]","[-0.05271951492363221, 0.024785667945461776, 0.04273199710886963, -0.053728269383419416, 0.02545940828980789, -0.007850239950272586]",0.0
Bgr6TXWknQQ,0:10,0:14,4.0,126.05,"[-323.2152099609375, 139.1549072265625, 4.156124591827393, 19.392011642456055, 34.66669464111328, -18.216644287109375, 29.92365264892578, 0.415915310382843, 8.8345308303833, 6.407973289489746, 1.4751744270324707, 7.608520984649658, 1.936313271522522]","[-0.008006749609158976, 0.005855490092965753, 0.042180505203272, -0.06614985020318341, -0.01706333260604866, -0.047439060741158175]",0.1116
Bgr6TXWknQQ,0:23,0:35,12.0,123.05,"[-358.1475524902344, 148.92745971679688, -6.677180767059326, 10.161587715148926, 39.25560760498047, -23.828258514404297, 39.96664810180664, -3.5148799419403076, 14.727779388427734, 8.845829963684082, -0.07018458843231201, 12.807754516601562, 1.421461582183838]","[-0.01664519998440747, -0.048166352648150126, 0.043763832611570366, -0.045751095748086786, -0.035251986174919, -0.02593053048857123]",0.2205
Bgr6TXWknQQ,0:59,1:17,18.0,129.2,"[-346.1131591796875, 138.7051239013672, -3.4096789360046387, 16.811607360839844, 39.56267166137695, -18.221826553344727, 33.55534744262695, -1.1746712923049927, 9.93413257598877, 5.345860004425049, 0.6545819044113159, 12.39500617980957, 3.664297342300415]","[-0.020255898116887515, 0.01244416546215483, 0.030690998173391007, -0.05279584726068248, 0.025423431137384576, -0.04914593550562647]",0.1577
Bgr6TXWknQQ,1:28,1:34,6.0,114.84,"[-373.7367248535156, 136.0829620361328, 4.901639461517334, 20.56795883178711, 30.035552978515625, -17.531185150146484, 33.157020568847656, 3.3759071826934814, 11.457873344421387, 11.761933326721191, 3.8284218311309814, 11.583117485046387, 1.1013282537460327]","[0.0034931952010829096, -0.01834872605643731, 0.06588771952157635, -0.06200753054374444, -0.02705215846700231, -0.04843353144905566]",0.2834
y6d-GdXi8go,0:39,0:58,19.0,112.35,"[-283.38250732421875, 143.09320068359375, 1.8399603366851807, 20.751625061035156, 43.67472457885742, -17.715797424316406, 36.50607681274414, 6.255426406860352, 14.707809448242188, 7.742584705352783, 0.407856822013855, 3.6403141021728516, 2.8852529525756836]","[0.011862844145417235, -0.032699300094305384, 0.040789969748189846, -0.008041488203984213, 0.004531885302633679, -0.05940006678356751]",0.0284
y6d-GdXi8go,1:10,1:13,3.0,129.2,"[-234.26988220214844, 150.82876586914062, -9.132733345031738, 23.49623680114746, 59.635963439941406, -29.79446792602539, 46.3753776550293, -3.085395097732544, 11.096062660217285, 7.837291240692139, -2.2848129272460938, 2.929952621459961, 1.0784422159194946]","[-0.04847315860849819, -0.04777349676388061, -0.005792714323041901, 0.011335607047950808, -0.026068676381006073, -0.024895189069229492]",0.0
y6d-GdXi8go,1:13,1:31,18.0,107.67,"[-272.8019714355469, 150.84060668945312, 4.1588664054870605, 22.91628646850586, 45.04861831665039, -21.615007400512695, 41.79402160644531, -0.17728152871131897, 9.087791442871094, 9.859225273132324, 3.2827205657958984, 4.4659318923950195, -0.8601284623146057]","[0.0033097376477654893, -0.03555142999393035, 0.026967180837864677, -0.036917306934187565, 0.035826541047111256, -0.04975496055776813]",0.031
y6d-GdXi8go,1:31,1:47,16.0,114.84,"[-268.7249755859375, 141.71665954589844, 4.585090637207031, 24.29774284362793, 45.04725646972656, -14.097000122070312, 40.6883430480957, -0.44486579298973083, 5.220789432525635, 8.460342407226562, 3.7376925945281982, 5.23331356048584, -1.4410967826843262]","[-0.0006734146796500814, 0.004436283812366925, 0.005814418742736369, -0.08783175575752655, 0.017278501435747717, -0.045282426276955286]",0.0526
W3hMmZQAdhw,0:41,0:45,4.0,117.19,"[-428.997802734375, 143.65542602539062, 18.44747543334961, 17.395259857177734, 25.53774070739746, -6.513092994689941, 21.310340881347656, 9.004581451416016, 11.553982734680176, -0.946621298789978, 1.9647231101989746, 2.1662425994873047, 2.060253620147705]","[0.04030677711211991, 0.06675837751803725, 0.09380060598780007, 0.018200320508529166, 0.04783543726479585, -0.017596580318333954]",0.4048
W3hMmZQAdhw,3:15,3:45,30.0,114.8,"[-424.4536437988281, 152.26014709472656, 30.193084716796875, 21.907291412353516, 24.563478469848633, -7.2573652267456055, 21.60260581970215, 13.083382606506348, 11.520763397216797, -3.0896968841552734, 3.6780683994293213, -0.019246893003582954, -0.8170888423919678]","[0.019035999177624267, 0.06830220807188506, 0.06716573553236312, 0.020212926399383133, 0.028185183661120588, -0.002682608590102752]",0.3171
W3hMmZQAdhw,1:29,1:36,7.0,119.68,"[-492.84710693359375, 132.4667205810547, 22.76360511779785, 20.212326049804688, 23.169471740722656, 3.913102388381958, 19.537155151367188, 8.224340438842773, 9.167278289794922, 4.123701095581055, 6.183623313903809, 5.0049662590026855, 3.360447406768799]","[0.07569225390106485, 0.11360586608276714, 0.17020678247544296, 0.10869059208936573, 0.06462432140288724, -0.06580888050851627]",0.6359
W3hMmZQAdhw,1:46,2:00,14.0,125.0,"[-460.53607177734375, 145.6011962890625, 24.720956802368164, 22.460569381713867, 22.999624252319336, -6.042459487915039, 24.42522430419922, 11.848706245422363, 14.190167427062988, 1.7220460176467896, 3.812268018722534, 2.160987377166748, 0.05066299065947533]","[0.024892395409957004, 0.04917498521278218, 0.09958965703969151, 0.06504781561409267, 0.025068231547812996, -0.03580898722806258]",0.4497
W3hMmZQAdhw,5:59,6:02,3.0,127.84,"[-434.88043212890625, 144.54266357421875, 20.08427619934082, 23.69147491455078, 20.307226181030273, -17.415863037109375, 31.139760971069336, 10.547894477844238, 9.999472618103027, 2.9815354347229004, 4.858652114868164, 3.112330198287964, -0.07577107846736908]","[0.02288113659643766, 0.07758762438758336, 0.15182568527572843, 0.05396837727737407, 0.05847702418731372, -0.01406676419158694]",0.4458
XPJ-2SrAzo8,2:59,3:02,3.0,127.84,"[-453.2923583984375, 150.7544708251953, 23.63670539855957, -12.636236190795898, 16.768278121948242, -6.206882953643799, 22.381731033325195, 7.029201984405518, 8.819854736328125, -5.956535816192627, 5.619638442993164, -1.769352674484253, 14.64521598815918]","[-0.021774774218462533, 0.026637047971823574, -0.049360392435717, 0.005537994191063108, -0.026839168107894877, -0.009590229680794779]",0.3499
XPJ-2SrAzo8,0:47,0:49,2.0,114.8,"[-441.812744140625, 154.313232421875, 20.799631118774414, -13.779361724853516, 22.67988395690918, -0.46813270449638367, 29.239933013916016, 13.697948455810547, 18.1039981842041, -4.129517555236816, 5.078522205352783, 3.0298526287078857, 18.269672393798828]","[-0.004222118839356627, 0.01465246955689048, 0.00977960502867484, -0.04950197035833191, 0.01953716688338077, 0.007426342866234984]",0.3431
Pt0TIwtpImo,6:40,6:42,2.0,144.23,"[-446.00860595703125, 151.53189086914062, 1.1305850744247437, 12.471504211425781, 43.5103645324707, -11.91480827331543, 25.861459732055664, -2.2940289974212646, 9.72172737121582, 7.19683837890625, 10.100604057312012, -1.487319827079773, 1.0981354713439941]","[0.013780317128733078, 0.052415357557230396, 0.05611189374789329, -0.052922138344853493, 0.02357381950041222, -0.0054956904830449314]",0.4176
Pt0TIwtpImo,2:10,2:17,7.0,133.93,"[-455.0796813964844, 160.31710815429688, 30.66541862487793, 8.095780372619629, 27.01181983947754, -1.567319393157959, 17.073013305664062, 5.466294288635254, 8.838972091674805, -0.7756736278533936, 6.531666278839111, -0.8837213516235352, 1.9539700746536255]","[0.022324517326445133, -0.0005738456372892108, 0.00524492871926974, 0.030574169646173713, 0.005393582284053836, -0.002464872388763538]",0.294
Pt0TIwtpImo,1:37,1:41,4.0,160.71,"[-480.9354248046875, 153.83480834960938, 16.802621841430664, 12.4540433883667, 32.32346725463867, -5.857174873352051, 24.01849937438965, 7.854304790496826, 16.01095199584961, 3.0939040184020996, 5.185436248779297, 2.4118032455444336, 4.148616790771484]","[0.014934555511296969, -0.020545223738882998, -0.05394671701103183, 0.025310477534539296, 0.014745144309382613, 0.004037876163433254]",0.4341
lax-cwEWDf4,0:14,0:32,18.0,119.68,"[-387.51837158203125, 144.42984008789062, 35.15718078613281, 2.6933977603912354, 18.401668548583984, 6.907432556152344, 23.406585693359375, -1.2730536460876465, -4.03255558013916, -3.8335459232330322, 6.767857551574707, -6.758769512176514, -8.481657981872559]","[-0.010294719520384063, 0.006963461766501828, -0.040099492735065044, 0.011739789980151282, -0.0009493254187268271, 0.005336959798075777]",0.2506
lax-cwEWDf4,2:32,2:48,16.0,125.0,"[-424.5669860839844, 128.27838134765625, 35.36460876464844, 6.847679615020752, 19.008445739746094, 5.739650726318359, 17.618488311767578, 1.6148139238357544, -2.1000773906707764, -4.801708221435547, 6.400292873382568, -4.401021480560303, -8.020072937011719]","[0.0033206603184552028, 0.00565348890177175, -0.00835341893220922, -0.009931828905103812, -0.012494049108225795, 0.002129258290439833]",0.3622
lax-cwEWDf4,9:38,9:53,15.0,119.68,"[-410.400146484375, 139.14022827148438, 32.036766052246094, 2.76031494140625, 19.343833923339844, 8.159900665283203, 23.331518173217773, 0.489541232585907, -1.4098423719406128, -2.964080572128296, 6.278833866119385, -5.756744861602783, -8.265759468078613]","[-0.003221087812512616, 0.007384126729375209, -0.015305733070647622, -0.01563439062724376, 0.004442191535521681, -0.005985675476722518]",0.2919
VkRg0tIKyKo,0:00,0:03,3.0,119.68,"[-493.5399169921875, 179.1062774658203, 38.548519134521484, -1.8833205699920654, 25.4390926361084, 0.03871992230415344, 32.455589294433594, 4.649263381958008, 3.9030845165252686, -2.238370895385742, 16.397411346435547, -0.29042619466781616, 4.957019805908203]","[0.013767489884250026, -0.016691992402571017, 0.003280272515453993, -0.010520801932400608, -0.010500159076664734, -0.012254847893094375]",0.3464
VkRg0tIKyKo,0:45,0:49,4.0,106.13,"[-558.8344116210938, 154.56161499023438, 48.80513000488281, 9.380518913269043, 21.68553352355957, 7.969140529632568, 15.681012153625488, 9.334696769714355, 6.8965911865234375, -5.497879981994629, 3.7328951358795166, 2.5344042778015137, 6.8030619621276855]","[0.010228041322003655, -0.026720024707915273, -0.030635045759489145, -0.005497105392973588, -0.00610534217880081, 0.011165374374549135]",0.6059
bL-2uJufogQ,0:09,0:11,2.0,125.0,"[-335.96875, 168.2206573486328, -9.797262191772461, 1.5028955936431885, 45.809574127197266, -16.63262367248535, 25.46471405029297, -7.075769424438477, 16.36472511291504, 2.3511507511138916, 7.427874565124512, 2.3635826110839844, 4.887768268585205]","[-0.015376325367324027, 0.09519574735551774, 0.07052195733512155, 0.05627757675470187, 0.02466524430681398, 0.03563074087922244]",0.0559
5xyzxCPjQbs,0:30,0:33,3.0,127.84,"[-341.51531982421875, 159.9844207763672, 17.564186096191406, 6.8388261795043945, 39.0213508605957, 2.322303056716919, 31.554319381713867, 5.083534240722656, 16.359455108642578, 8.682849884033203, 14.980568885803223, -2.745373010635376, 5.625998020172119]","[0.07146188308098932, 0.02818615405756824, -0.12633880441859502, -0.06701108603200664, 0.0359137399769824, 0.051912953155727325]",0.0
5xyzxCPjQbs,1:14,1:16,2.0,125.0,"[-283.7445983886719, 166.62161254882812, 8.426280975341797, -7.3106818199157715, 35.0506706237793, -8.075461387634277, 23.35004997253418, -3.040092706680298, 13.8738431930542, -2.1766767501831055, 4.860846519470215, -8.537585258483887, 3.736452579498291]","[-0.006636379584231552, 0.038838260964081946, -0.05358338985775448, -0.10593300111383784, 0.009655834244524016, 0.008970890884310025]",0.0133
5xyzxCPjQbs,1:20,1:22,2.0,133.93,"[-319.75439453125, 156.45277404785156, 10.964492797851562, -1.0777757167816162, 36.906978607177734, -7.827021598815918, 18.551786422729492, -9.596302032470703, 7.253199100494385, 0.8098675608634949, 10.90725040435791, -4.695240020751953, 5.639256477355957]","[-0.05995092642231751, 0.05264480665813883, -0.10021978862177448, 0.023740866580640722, 0.034264603607386326, -0.009835076527025952]",0.0213
5xyzxCPjQbs,1:25,1:30,5.0,127.84,"[-307.1730041503906, 163.34141540527344, 13.515949249267578, 10.004918098449707, 43.3607063293457, -7.639984130859375, 31.05259895324707, -5.324336051940918, 9.45846176147461, 3.448878765106201, 13.052057266235352, -8.629748344421387, 1.7690613269805908]","[0.06668460246572193, 0.04520989055251631, -0.08585169167319405, 0.002072225761676609, -0.006780167529743173, 0.06807698616097722]",0.0011
5xyzxCPjQbs,1:57,2:01,4.0,117.19,"[-311.3603820800781, 149.51124572753906, 11.405374526977539, 5.682441711425781, 39.93352127075195, -6.119606018066406, 25.596939086914062, 2.42368221282959, 7.599909782409668, -4.662786960601807, 10.123050689697266, -0.32794952392578125, 7.85568380355835]","[0.02917192324809805, -0.0023799024435989134, -0.01883209151241936, -0.033144839874378676, 0.0031891830622135043, 0.01562721484598671]",0.0333
5qArvBdHkJA,2:06,2:11,5.0,119.68,"[-358.35308837890625, 148.2904510498047, 18.708017349243164, -5.555019378662109, 28.755149841308594, 3.1423397064208984, 25.197998046875, 0.6257455945014954, 7.258251667022705, -13.582670211791992, -4.037740230560303, -5.962952136993408, 5.079453468322754]","[0.0031303684193194703, 0.015572734940764076, 0.012354530105148392, -0.04179030927672597, 0.0119199921406687, -0.0028477123070225476]",0.2367
5qArvBdHkJA,2:39,2:41,2.0,165.44,"[-360.582275390625, 141.1232147216797, 3.7020864486694336, 3.6222004890441895, 43.73528289794922, -10.51298713684082, 26.81125831604004, 3.6472842693328857, 21.586641311645508, -2.961449146270752, 6.518795490264893, 0.12244723737239838, 2.608377456665039]","[0.004850074603238647, 0.03341897309188403, -0.015614552983142635, -0.033642507237481634, -0.006606926553206944, -0.027493477671436888]",0.0213
5qArvBdHkJA,0:42,0:46,4.0,130.81,"[-410.4150695800781, 154.68861389160156, 14.556591033935547, 2.850825786590576, 34.9140625, -13.388094902038574, 29.840253829956055, 1.1245360374450684, 16.65561294555664, -8.807793617248535, 3.111802101135254, 4.623761177062988, 4.9082136154174805]","[-0.030449533499700216, 0.021294969227185122, 0.005358160072850467, 0.0011988210748535317, 0.01694978397176784, -0.01475646523709163]",0.277
pzPtlmzwajA,0:23,0:32,9.0,148.03,"[-357.447265625, 123.34175109863281, 26.328411102294922, 32.97430419921875, 28.376577377319336, -4.002835750579834, 20.569002151489258, -3.0433828830718994, 10.679708480834961, 0.3593263328075409, -4.847723960876465, 2.194537878036499, -6.76439905166626]","[0.009354579658297345, -0.00350664217798714, -0.007632696156399129, -0.004438503528945579, 0.004664810054068779, 0.0006794258319029233]",0.3187
pzPtlmzwajA,2:14,2:24,10.0,119.68,"[-351.6565246582031, 145.6756134033203, 32.420047760009766, 27.906389236450195, 33.39365768432617, -3.997619152069092, 24.104211807250977, 3.0810961723327637, 10.710967063903809, -1.320359230041504, 2.434326171875, 0.593481719493866, -3.5055959224700928]","[0.011967046802945611, 0.02170270362594731, -0.017077712801350647, -0.003916446696411215, 0.002671694525887749, 0.01225825127197813]",0.1471
KASve_62AYw,3:08,3:21,13.0,122.28,"[-333.905517578125, 161.35269165039062, 17.741764068603516, 6.232832431793213, 47.213226318359375, -6.173141002655029, 16.500015258789062, 6.394129753112793, 4.105079650878906, -7.77547550201416, 12.321964263916016, -7.393172740936279, -1.7681859731674194]","[-0.014160600695644789, -0.0018441016607370396, -0.0038196235588410735, -0.010522209622242516, -0.0030360804819007446, -0.013118811292456152]",0.1501
KASve_62AYw,0:09,0:14,5.0,140.62,"[-352.7733154296875, 144.16262817382812, 17.129487991333008, 17.50945281982422, 56.96287155151367, -3.3134868144989014, 7.174633026123047, -2.1212003231048584, -1.6225721836090088, -9.75681209564209, 10.68113899230957, -6.032607078552246, -3.3041634559631348]","[0.0041270687232252854, -0.012425965675944832, -0.03134081321162838, -0.008771786485106061, 0.004385099714194733, 0.007983173238364736]",0.177
KASve_62AYw,1:05,1:17,12.0,108.17,"[-357.1085205078125, 140.70346069335938, 24.018539428710938, 7.443377494812012, 36.31314468383789, -4.933529376983643, 8.047520637512207, 1.2709851264953613, 2.7401206493377686, -6.630660533905029, 5.712704181671143, -9.128904342651367, -2.59649658203125]","[-0.03018110292680413, 0.015242469396102404, 0.02584843168844832, 0.05378716823639556, -0.016262915092088156, 0.0036475655151068146]",0.3101
_UcG6h8b4lU,0:43,0:50,7.0,108.17,"[-519.2418823242188, 177.45765686035156, 46.961021423339844, -2.562227964401245, 25.271575927734375, 8.220597267150879, 13.769813537597656, 1.0650728940963745, 6.8778486251831055, -7.729159832000732, 4.176168918609619, -3.89158296585083, 2.310427188873291]","[0.0008099561527927127, -0.005525630720094336, 0.04002076057860469, 0.008408850635581132, 0.0023019345766102273, 0.001075725822644978]",0.3648
_UcG6h8b4lU,0:18,0:22,4.0,130.81,"[-491.018310546875, 176.13558959960938, 11.13453197479248, -28.319778442382812, 23.14896011352539, 4.35381555557251, 25.76027488708496, 1.6758089065551758, 10.345731735229492, -6.813853740692139, 5.173093318939209, -3.7356510162353516, 5.310915946960449]","[-0.011766874547124977, 0.013626851663879726, 0.02116933806034154, 0.029120924120542936, -0.0010027154569812757, -0.004291433182026617]",0.4447
_UcG6h8b4lU,1:52,2:00,8.0,125.0,"[-501.26580810546875, 186.2927703857422, 28.852306365966797, -18.7193660736084, 26.270709991455078, 6.561254024505615, 23.00152015686035, 5.641118049621582, 14.172635078430176, -6.154026031494141, 6.531062602996826, -4.928829193115234, 2.5182950496673584]","[-0.010672430158648745, 0.005407611196805072, 0.02688444129313567, 0.01322203210625111, 0.0023230293188194508, 0.010110747996642635]",0.2811
_UcG6h8b4lU,2:34,2:36,2.0,127.84,"[-469.1954040527344, 197.94760131835938, 7.8814520835876465, -21.832353591918945, 39.18784713745117, -5.67738676071167, 26.478858947753906, 2.2428700923919678, 18.092884063720703, -4.667148590087891, 7.712359428405762, -7.761763572692871, 4.246831893920898]","[-0.01688379362759309, -0.018077339127209057, 0.007729180429645765, -0.04545303798736419, -0.013962066289419213, -0.011049251342093213]",0.258
iHVTqhJo1KE,0:35,0:40,5.0,152.03,"[-504.4071044921875, 188.1927032470703, 40.25471496582031, -18.89281463623047, 13.192093849182129, 12.782827377319336, 32.88700485229492, 4.077635288238525, 4.854218482971191, -4.0818400382995605, 7.278193473815918, -6.629796504974365, 3.8910741806030273]","[-0.0026544340465568844, 0.018458170204710307, 0.02501663408785269, -0.003712160718828157, 0.00945758321095804, 0.019009826442180598]",0.2942
iHVTqhJo1KE,1:58,2:21,23.0,117.19,"[-506.3316650390625, 174.02749633789062, 36.846046447753906, -8.70116138458252, 15.862278938293457, 3.7178852558135986, 32.9342041015625, 7.190195560455322, 1.9626132249832153, -5.107017517089844, 11.22816276550293, -3.4584853649139404, 1.0250298976898193]","[-0.005749832468921444, 0.0023825016541172126, 0.0041471810576002854, -0.00043578033704550113, -0.005052235685353763, 0.0017745488697592535]",0.3183
iHVTqhJo1KE,2:32,2:37,5.0,127.84,"[-509.5232849121094, 190.1168975830078, 47.31746292114258, -10.520136833190918, 14.76362133026123, 9.353994369506836, 27.49011993408203, 2.7418293952941895, 6.487508773803711, -3.40562105178833, 6.958189964294434, -4.150212287902832, 1.5200910568237305]","[0.007441813260457396, 0.04416113832481457, 0.017093876113138052, -0.026229122888419974, 0.011694177997028125, -0.011513771377191093]",0.258
QT6FdhKriB8,1:10,1:18,8.0,144.23,"[-470.51031494140625, 94.60980224609375, 15.364948272705078, 10.58225154876709, 42.883445739746094, 13.496554374694824, 27.31059455871582, 13.644270896911621, 21.371440887451172, 10.468878746032715, 19.49773597717285, 5.202935218811035, 6.417031288146973]","[0.16349571974602214, -0.10005774609833998, -0.059102473368987704, 0.2600271171266008, 0.06973631507392981, -0.04956809375743796]",0.3824
QT6FdhKriB8,1:23,1:27,4.0,137.2,"[-403.1734313964844, 115.82864379882812, 10.497657775878906, 4.598891258239746, 44.12190628051758, 11.767242431640625, 28.81514549255371, 11.793878555297852, 21.473018646240234, 12.199371337890625, 18.255273818969727, -2.678131580352783, 4.329139232635498]","[0.15012451662896237, -0.0867327054668422, -0.13430113141200506, 0.10634922931409767, 0.056175241604618904, 0.007158121460095094]",0.1358
QT6FdhKriB8,1:33,1:37,4.0,133.93,"[-393.605224609375, 127.25453186035156, 7.777187824249268, 7.807470321655273, 49.27767562866211, 3.4903013706207275, 36.41855239868164, 13.376737594604492, 17.469499588012695, 5.387626647949219, 19.59760856628418, 3.673379421234131, 4.360354900360107]","[0.16463999573644691, -0.047590802127722716, -0.05205804769125844, -0.11423114218752838, -0.061574631822916066, 0.06198112134150193]",0.004
QT6FdhKriB8,1:40,1:43,3.0,122.28,"[-420.5262756347656, 109.55243682861328, 6.362407684326172, 9.996476173400879, 50.90639114379883, 6.093895435333252, 29.556859970092773, 12.95017147064209, 20.574769973754883, 9.257073402404785, 21.960865020751953, 4.160720348358154, 5.977579593658447]","[0.16859042401901148, -0.1795894960602633, -0.2555025957754713, 0.10748439719553063, 0.10606102074457187, 0.000931812540651212]",0.0533
4wTVbzvBH0k,0:20,0:31,11.0,119.68,"[-430.4281921386719, 186.6304473876953, 48.6506233215332, 0.3994375169277191, 38.28846740722656, 6.979605197906494, 11.851811408996582, 10.696823120117188, 21.230009078979492, -4.88580846786499, 8.071869850158691, -5.881491661071777, 0.04519311711192131]","[-0.020197717602898648, 0.015197984936060163, 0.03686032228856197, 0.004205322346342305, 0.0065696135257766195, 0.007757468258088973]",0.0553
4wTVbzvBH0k,0:47,0:53,6.0,130.81,"[-410.6167297363281, 201.5969696044922, 39.30482482910156, -8.122758865356445, 47.11292266845703, 2.3467700481414795, 12.262434959411621, 11.202455520629883, 23.383853912353516, -10.545079231262207, 11.248089790344238, -5.12989616394043, 3.971287727355957]","[0.038906164012375115, 0.045911489486212244, -0.01866254630518475, 0.03410869446081848, 0.009495077740762695, -0.020755683713953192]",0.0009
4wTVbzvBH0k,4:31,4:59,28.0,119.68,"[-421.5018005371094, 188.04286193847656, 47.54351043701172, 0.6644638180732727, 41.00111770629883, 8.152631759643555, 13.975683212280273, 13.081843376159668, 21.367849349975586, -8.317720413208008, 6.152672290802002, -4.848526477813721, 2.975642442703247]","[0.03152336818837842, 0.054098673286720377, 0.00022418667613537121, 0.012437717414969435, 0.01923438457298596, -0.012492722078902058]",0.0004
4wTVbzvBH0k,9:23,9:33,10.0,130.81,"[-431.2395324707031, 175.85769653320312, 42.90044403076172, 8.686338424682617, 50.4215087890625, 5.710159778594971, 7.953006267547607, 11.275568008422852, 22.697057723999023, -6.410624027252197, 8.12056827545166, -3.801947832107544, 2.514572858810425]","[0.03411810704632685, -0.008735434951529862, -0.005599141091620676, 0.04064694243564641, 0.01891282846205314, -0.020480459543448407]",0.0032
